camp,mean1,mean2,pct1,pct2,log2fc,p,p_adj,status,gi,uniprot_id,pdbid,title,source_organism,taxonomy,seqence,length,pubmed_id,activity,gram_nature,validation
CAMPSQ1136,2.5251297977722063,0.6864182292000905,0.92,0.3225806451612903,1.0637140126748987,4.947115750192495e-8,3.710336812644371e-6,up,74860199,Q6T6C1,NA,Theromyzin,Theromyzon tessulatum,Animalia (Annelids (Clitellata)),DHHHDHGHDDHEHEELTLEKIKEKIKDYADKTPVDQLTERVQAGRDYLLGKGARPSHLPARVDRHLSKLTAAEKQELADYLLTFLH,86,15102860,Antibacterial,Gram+ve,Experimentally Validated
CAMPSQ1297,1.8717086096754771,4.934096785575186,0.96,1,-1.0471190901768377,1.1818567403498995e-9,2.8562169271547156e-7,down,160285478,Q17027,"2E3E,2E3F,2E3G,2NY8,2NY9,2NZ3",Def-Bat,Anopheles gambiae,Animalia (Insects),SQWVTPNDSLCAAHCIARRYRGGYCNGKRVCVCR,34,NA,Antibacterial,Gram+ve,Predicted
CAMPSQ1330,0.5332379053788201,2.1620408427074245,0.52,0.8387096774193549,-1.0442744318510753,7.622310519620215e-8,5.036169450463355e-6,down,158668317,B0LFF3,NA,B-defensin2-like protein 1,Macaca mulatta,Animalia (Mammals),NPVTCLRSGAICHPGFCPRRYKHIGICGVSAIKCCK,36,NA,Antimicrobial,NA,Predicted
CAMPSQ1348,1.901807214831275,0.40718971131890863,0.92,0.1774193548387097,1.0441348356679143,2.971235443018123e-9,6.225444728657221e-7,up,164499363,B0FF14,NA,Beta-defensin 127,Canis lupus familiaris,Animalia (Mammals),KVTEQLKRCWGEYIRGYCRKICRISEIREVLCENGRYCCLNIVELEARRKITKPPPPE,58,NA,Antimicrobial,NA,Predicted
CAMPSQ1380,0.5643655185598473,2.200471642646848,0.52,0.7580645161290323,-1.0327068839219888,1.320365187955531e-5,2.13024034684686e-4,down,133778666,A4F2T2,NA,Beta defensin 4,Bos taurus,Animalia (Mammals),NPQSCRWNMGVCIPISFLVNMRQIGTCFGPRV,32,NA,Antimicrobial,NA,Predicted
CAMPSQ2146,3.5589805611424623,1.2083434856230848,1,0.41935483870967744,1.045746671489528,8.03633932862092e-8,5.247256855746601e-6,up,134864,P24491,NA,SarcotoxinII-1,Sarcophaga peregrina,Animalia (Insects),QKLPVPIPPPSNPPVAVLQNSVATNSKGGQDVSVKLSATNLGNNHVQPIAEVFAEGNTKGGNVLRGATVGVQGHGLGASVTKTQTDTKIKGLDFQPQLSSSTLALQGDRLGASISRDVNRGVSDTFTKSVSANVFRNDNHNLDATVFRSDVRQNNGFNFQKTGGMLDYSHANGHGLNAGLTHFSGIGNQANVGGSSTLFKSNDGSLSLKANAGGSQWLSGPFSNQRDYNVGLSLTHHGCGG,241,NA,Antibacterial,Gram-ve,Predicted
CAMPSQ2654,2.2422378410089587,7.711194198845046,0.88,0.7903225806451613,-1.4258805817445692,0.00117027169445537,0.00623321295991107,down,332692921,F6M2J7,NA,Big defensin 3,Crassostrea gigas,Animalia (Molluscs (Bivalvia)),AQILLPIASYAGLTVTAPVFVALVAAYGIYAVTRYAIRKRRIV,43,21980497,Antimicrobial,NA,Predicted
CAMPSQ3690,11.062294415612977,1.6850889250286218,1,0.5806451612903226,2.1674625805117858,9.668591627110976e-13,2.6830341765232958e-9,up,NA,NA,NA,YFGAP,Thunnus albacares,Animalia (Pisces),VKVGINGFGRIGRLVTRAAFHGKKVEVVAIND,32,22771964,Antibacterial,"Gram+ve, Gram-ve",Experimentally Validated
CAMPSQ3871,0.6935137316206651,2.678916187990042,0.56,0.7580645161290323,-1.1192611248503157,2.0514163437408935e-5,2.9970832157106154e-4,down,NA,P86354,NA,Viresin,Heliothis virescens,Animalia (Insects),YDNVNLDEILANDRLLVPYIKCLLDEGKKAPDAKELKEHIRXAL,44,10651803,Antibacterial,Gram-ve,Experimentally Validated
CAMPSQ4086,2.597551361008808,0.5609036000492819,0.92,0.24193548387096775,1.2046338434089332,1.6468689720414072e-8,1.9869832162673497e-6,up,392874838,K4G4B8,NA,Liver-expressed antimicrobial peptide 2 precursor,Callorhynchus milii,Animalia (Pisces),MISQFVKLVAIMCIISTLFSCQADSAALSQSEVLLQRVRRMTPFWRWIAQRPLGASCRGNNECGSKYCWKNRCSSTVHKD,80,23056606,Antimicrobial,NA,Predicted
CAMPSQ4159,1.6675236322539442,0.31504064635087037,0.88,0.14516129032258066,1.0203936600958214,3.328705482047471e-9,6.597969794772667e-7,up,399143577,J9JEE7,NA,Preprobrevinin-2Ka,Rana kukunoris,Animalia (Amphibians),MFTSKKSMLLLFFLGTISLSLCQEEERGADDDEVIEEEVKRGLLSVFKGVLKTAGKHVAGSLLHQLKCKISGGC,74,NA,Antimicrobial,NA,Predicted
CAMPSQ4312,2.660603745315568,0.6624196204926499,0.92,0.27419354838709675,1.1387970259142957,7.066975289683921e-9,1.153579789933699e-6,up,284927799,D3JX75,NA,Mytilin-6,Mytilus coruscus,Animalia (Molluscs (Bivalvia)),MKVAIILAIALAVILAVHEADASCASVCKAHCRARRCGYYVSVFHRGRCYCRCLRCASEHTMKFPENEGSSPSEMFPQMNDNENTGLFQDIQKGKTEQGETDL,103,NA,Antimicrobial,NA,Predicted
CAMPSQ4486,4.827012292453939,1.7545366156593964,1,0.5,1.0809467135772892,3.914188483705929e-7,1.684011324385109e-5,up,NA,Q9FRV1,NA,Basic endochitinase A,Secale cereale,Viridiplantae,EQCGSQAGGATCPNCLCCSRFGWCGSTSDYCGDGCQSQCAGCGGGGTPVTPTPTPSGGGGVSSIVSRALFDRMLLHRNDGACQAKGFYTYDAFVAAAGAFPGFGTTGSTDTRKREVAAFLAQTSHETTGGWATAPDGAFAWGYCFKQERGATSNYCTPSAQWPCAPGKSYYGRGPIQLSHNYNYGPAGRAIGVDLLRNPDLVATDPTVSFKTAMWFWMTAQAPKPSSHAVITGQWSPSGTDRAAGRVPGFGVITN,302,12092848,Antifungal,NA,Experimentally Validated
CAMPSQ4889,0.5561325070542242,2.478427102105428,0.52,0.8548387096774194,-1.1604701730195923,5.737891667094582e-8,4.1357530847240174e-6,down,157683273,A8CZX4,NA,Nisin Z (Fragment),Lactococcus lactis subsp. lactis,Bacteria,DFNLDLLSVSKKDSGASPRITSISLCTPGCKTGALMGCNMKTATCNCSIHVSK,53,NA,Antimicrobial,NA,Predicted (Based on signature)
CAMPSQ5258,4.135281918148471,0.5978893048836915,0.96,0.25806451612903225,1.6842760123714116,3.663096698766821e-11,2.9043123825936937e-8,up,"71060007, 220682980","Q4FJR3, B8YJF9",NA,Lactoferrin,Mus musculus,Animalia (Mammals),MRLLIPSLIFLEALGLCLAKATTVRWCAVSNSEEEKCLRWQNEMRKVGGPPLSCVKKSSTRQCIQAIVTNRADAMTLDGGTMFDAGKPPYKLRPVAAEVYGTKEQPRTHYYAVAVVKNSSNFHLNQLQGLRSCHTGIGRSAGWKIPIGTLRPYLNWNGPPASLEEAVSKFFSKSCVPGAQKDRFPNLCSSCAGTGANKCASSPEEPYSGYAGALRCLRDNAGDVAFTRGSTVFEELPNKAERDQYKLLCPDNTWK,707,NA,Antimicrobial,NA,Predicted (Based on signature)
CAMPSQ5360,2.1211606970997297,6.2403665347807324,0.92,0.935483870967742,-1.213980095607381,9.14139123855026e-9,1.328146010178794e-6,down,160554546,C0ILF1,NA,Rugosin-RN antimicrobial peptide,Rana nigrovittata,Animalia (Amphibians),MFTMKKSLLLLFFLGTISLSLCEEEGADEDDGEEMTEEEVKRSFLSKFKDIALDVAKNAGKGVLTTLACKIDGSC,75,NA,Antimicrobial,NA,Predicted (Based on signature)
CAMPSQ574,0.1468159732592453,1.3763599432735372,0.12,0.5483870967741935,-1.051119471100642,7.669354705331671e-5,7.697091973705385e-4,down,67460988,P0C008,NA,Nigrocin-1,Rana nigromaculata (dark-spotted frog ),Animalia (Amphibians),GLLDSIKGMAISAGKGALQNLLKVASCKLDKTC,33,11682065,"Antibacterial,Antifungal","Gram+ve, Gram-ve",Experimentally Validated
CAMPSQ5763,2.4337241363474154,0.6048367352989475,0.84,0.25806451612903225,1.0973476033520249,6.159689829737088e-7,2.2943811110765664e-5,up,308051809,E5D2J6,NA,Bradykinin,Odorrana grahami,Animalia (Amphibians),MFTLKKSLLLLFFLGTINLSLCKQERDADEDENEREAKVEDVKRAGYSRMIRRPPGFSPFRVAPASSLKRDADEDENEQDAKVEDVKRAGYTRMIRRPPGFTPFRIAPAIV,111,NA,Antimicrobial,NA,Predicted (Based on signature)
CAMPSQ5830,2.726682192683172,0.7748423840133823,0.96,0.27419354838709675,1.070200882010769,5.154933088664783e-8,3.8146504856119393e-6,up,332028737,F4WAL0,NA,Abaecin,Acromyrmex echinatior,Animalia (Insects),MKFHLFIFTLLLAVMTVFAYQSPVRKPPAGGWKPFPTFPGQGPYNPKIRFPH,52,NA,Antimicrobial,NA,Predicted (Based on signature)
CAMPSQ5871,1.3477152112810364,3.714358641716099,0.8,0.9193548387096774,-1.0058041013569403,6.851269120872399e-7,2.4374707449257573e-5,down,340051233,G1CW23,NA,Lactoferrin,Bos indicus,Animalia (Mammals),MKLFVPALLSLGALGLCLAAPRKNVRWCTISQPEWFKCRRWQWRMKKLGAPSITCVRRAFVLECIRAIAEKKADAVTLDGGMVFEAGRDPYKLRPVAAEIYGTKESPQTHYYAVAVVKKGSNFQLDQLQGRKSCHTGLGRSAGWIIPMGILRPYLSWTESLEPLQGAVAKFFSASRVPCIDRQAYPNLCQLCKGEGENQCACSSREPYFGYSGAFKCLQDGAGDVAFVKETTVFENLPEKADRDQYELLCLNNSR,708,21738329,Antimicrobial,NA,Predicted (Based on signature)
CAMPSQ5981,34.68995693208484,76.12010112818204,0.96,0.935483870967742,-1.1115887829324655,1.4251238405964375e-4,0.00123199958182402,down,357612601,G6DEK0,NA,Cecropin-D,Danaus plexippus,Animalia (Insects),MKFFNLFTFVFAYFMAFGLATAAPWNPFKELEKAGQRVRDAIISAAPAVEVVGQASSILKGKN,63,NA,Antimicrobial,NA,Predicted (Based on signature)
CAMPSQ5991,2.0579286052252797,0.4243669523005657,0.92,0.1774193548387097,1.102233855609999,1.1836574653073592e-9,2.8562169271547156e-7,up,657379759,G7L3Y5,NA,"Allergen Pru protein, putative",Medicago truncatula,Viridiplantae,MNTQFALCIILAFSFCGAYGAKITFMNKCPYTVWPGTLTSAQKPQLSKTGFELASGKSDSVDVPSPWEGRFWGRTGCSSNAGKFSCATADCGSGQVACNGAGAVPPATLAELHVEANGGQDYYDISNVDGFNVPMSIVPQGGTGDCKPSSCPANINDVCPTELQMKGPDGKVVACKSACAAFNQPQYCCTGEFNSPDKCKPTQYSDIFEKQCPQAYSYAYDDKSSTFTCFKGPNYTITFCPRT,243,NA,Antimicrobial,NA,Predicted (Based on signature)
CAMPSQ6597,1.845602194278853,0.22123004187036233,0.88,0.1129032258064516,1.220399007060009,3.1071025363781166e-11,2.8740698461497585e-8,up,1006759,Q43224,NA,Thionin class 1,Tulipa gesneriana,Viridiplantae,MMVVVILGLVVAQTQVEAKSCCRTTAARNCYNVCRLGGTPQTLCARTCDCIHITTGNCPRSHPKLGSASSTSSTTNVDDEALDVVDEVLDVAKEAMKEAVERCNNACSEVCTKGSYAVVTA,121,NA,Antimicrobial,NA,Predicted (Based on signature)
CAMPSQ67,1.886216396817768,0.4060392619247315,0.88,0.16129032258064516,1.0375425908509028,6.2499311972494046e-9,1.0745860313907898e-6,up,116876,P80032,NA,Coleoptericin,Zophobas atratus,Animalia (Insects),SLQGGAPNFPQPSQQNGGWQVSPDLGRDDKGNTRGQIEIQNKGKDHDFNAGWGKVIRGPNKAKPTWHVGGTYRR,74,1761552,Antibacterial,"Gram+ve, Gram-ve",Experimentally Validated
CAMPSQ6962,0.8022068795458982,2.606527175183062,0.6,0.8064516129032258,-1.000845663562993,1.027443152455168e-5,1.7279725745836916e-4,down,220950874,NA,NA,"CecC-PA, partial",Synthetic construct,NA,MNFYKIFVFVALILAISIGQSEAGWLKKLGKRIERIGQHTRDATIQGLGIAQQAANVAATARG,63,NA,Antimicrobial,NA,Predicted (Based on signature)
CAMPSQ6979,2.60116798092959,6.212465332070543,1,0.935483870967742,-1.0020275818276865,7.498877726089023e-7,2.605601162354987e-5,down,354506621,NA,NA,PREDICTED: hepcidin isoform X1,Cricetulus griseus,Animalia (Mammals),MAQSTKIQAACLLLLLIAPQLLRAATEGTRVRQPEALQPQHRTADQTDRTDRTLLIPKRTKRDSHFPICIFCCYCCGNFKCGVCCKT,87,NA,Antimicrobial,NA,Predicted (Based on signature)
CAMPSQ7357,4.265688638441016,1.5230227578508757,0.96,0.5645161290322581,1.061468997379143,1.1429819758681165e-6,3.392272709127297e-5,up,502131613,NA,NA,PREDICTED: pathogenesis-related protein 5-like,Cicer arietinum,Viridiplantae,MALSTNSKISQLLFLLPLLLGNVALGTVFTIENHCNNTIWPGTLSGNGAALLGDGGFSLPPGSSVQLTAASGWSGRFWGRTGCNFDGAGNGNCITGDCAGGMNCNGGGTPPVTLAEFTIGSGNEDKDFYDVSLVDGYNVGMGIRATGGTGDCQYAGCVADLNGNCPAELQVTEEGGSVVACKSACAAFNTAEFCCTGEHSSPQSCSPTKYSEMFKSACPSAYSYAYDDASSTCTCSGSDYHITFCPTASS,250,NA,Antimicrobial,NA,Predicted (Based on signature)
CAMPSQ7370,6.244981083009093,2.398030649771132,1,0.7419354838709677,1.092283057349085,2.4927448526503423e-10,9.223155954806269e-8,up,568881326,NA,NA,PREDICTED: pathogenesis-related protein 5-like,Citrus sinensis,Viridiplantae,MAHNSKTHLTYLSIIIILASGSKMYASSKNITLVNVCQETIWPGIITQGGNYHGDGFTLKPGQSASYNPPDGWSGRIWARTGCNFNNSTSSCKTGSCGSSINCTSPGSLPVTIAEFTLGANVDYYDVSLVDGFNVPVSVRPFNGKGNCSNAGCDGDLRQNCPSDLAVKDNGKVIGCRSACDAFNSDEYCCKGAFGDLTSCLPSNYSKSFKQVCPAASSYAFDDRTSIITCSATDYIVGFCASRNQTVCSYHDNKL,289,NA,Antimicrobial,NA,Predicted (Based on signature)
CAMPSQ7371,3.421535322176131,0.9005832007157714,0.96,0.3387096774193548,1.218105231608113,4.003207035075263e-9,7.405933014889237e-7,up,470133862,NA,NA,PREDICTED: thaumatin-like protein-like,Fragaria vesca subsp. vesca,Viridiplantae,MPTSSLLFSLLYILASVSITNGAQLIIVNNCNESIWPGILGSAGLATPQSGGFHLGSGEEVVLDVPEKWSGRIWGRQGCSFDSNGKGNCETGDCFGQLHCQGKGGIPPATVVEMTLGSSNSPLHFYDVSLVDGFNLPVSMKPVGGGIGCGVASCEVDLNICCPSALEVRRGGKVVGCKSACLAMQSAKYCCTGNYANPNTCKPTLFAHLFKAICPKAYSYAFDDSSSLNRCRASRYVITFCPPQ,244,NA,Antimicrobial,NA,Predicted (Based on signature)
CAMPSQ7851,0.5728033768620557,2.2251503344923496,0.52,0.6774193548387096,-1.03602808638812,2.0790378304347043e-4,0.0016578534423725,down,NA,F1S7I1,NA,Beta-defensin,Sus scrofa,Animalia (Mammals),SPEKCWNLHGSCRDKCSKNEKVYVFCVSGKLCCVKPKFQPNLFPKVN,47,NA,Antimicrobial,NA,Predicted
CAMPSQ7904,0.07901481955263184,1.440791247901095,0.08,0.5483870967741935,-1.1776342324548346,3.160310694559342e-5,4.1662053099297743e-4,down,NA,Q30KU6,NA,Beta-defensin,Canis familiaris,Animalia (Mammals),AIHRRMQCQKMDGRCEVECLSFEDKIGGCRAELTPLCCKKRKNN,44,NA,Antimicrobial,NA,Predicted
CAMPSQ7996,1.8740351640957231,0.4221589137587992,0.8,0.2258064516129032,1.0149950309600264,9.632342489396103e-7,2.986564291404937e-5,up,NA,G1PSV4,NA,Beta-defensin,Myotis lucifugus,Animalia (Mammals),MPGAVTCRKKFEKLYSEIRNPSTIFEKAQNHSGKINTASSKEDHFVFNRSEICVKLSGQCKKKCGEKEFRMVYCVIPTVFCCIRECE,87,NA,Antimicrobial,NA,Predicted
CAMPSQ8078,1.3984668408064345,0.08308998793959842,0.84,0.04838709677419355,1.1469593807292038,5.093436214919993e-13,2.6830341765232958e-9,up,NA,A0A061IN49,NA,Beta-defensin,Cricetulus griseus,Animalia (Mammals),GLEYSQSFPGGEFSVCETCRLGRGKCRKVCLESERIAGKCKLNFFCCRERI,51,NA,Antimicrobial,NA,Predicted
CAMPSQ8110,0.14453390450486592,1.4568112084407872,0.16,0.6451612903225806,-1.1020267988382373,5.209267883326466e-6,1.046985939485905e-4,down,NA,G8ACV3,NA,Beta-defensin,Cyanistes caeruleus,Animalia (Aves),HPGDAQGPDSCNHGGGLCRVGTCVSGEYPAQYCFEPIILCCKNLPPATTE,50,NA,Antimicrobial,NA,Predicted
CAMPSQ8123,0.943830684985952,2.8912820168928777,0.72,0.8387096774193549,-1.0013429818100277,4.644709142560631e-6,9.582950089669704e-5,down,NA,M3ZZM7,NA,Beta-defensin,Xiphophorus maculatus,Animalia (Pisces),ENEAVSFPWSCPTLSGVCRKVCLPTEMFFGPLGCGKGFLCCVSHFL,46,NA,Antimicrobial,NA,Predicted
